{
  "results": [
    {
      "seed": 42,
      "p": 97,
      "eta": 0.001,
      "lam": 1.0,
      "T_mem": 800,
      "T_grok": 1800,
      "T_escape": 3600,
      "T_escape_theory": 1449.2304930946054,
      "V_at_mem": 3891.4934865469113,
      "V_final": 214.45229365834166,
      "K_final": 8,
      "R_final": 0.004116181996495993,
      "delta_min": 3.9178661665154833,
      "val_loss_at_mem": 7.648980617523193,
      "fit": {
        "rate_fit": 0.9986541378946263,
        "rate_theory": 0.998,
        "R2": 0.9990970031877519,
        "A": 3636.924624258036,
        "C": 216.61085140074567
      },
      "T_grok_x_lam": 1800.0,
      "T_grok_x_eta": 1.8,
      "T_grok_x_eta_lam": 1.8
    },
    {
      "seed": 43,
      "p": 97,
      "eta": 0.001,
      "lam": 1.0,
      "T_mem": 800,
      "T_grok": 2000,
      "T_escape": 2800,
      "T_escape_theory": 1244.35433850934,
      "V_at_mem": 3846.085933053866,
      "V_final": 319.2908977320694,
      "K_final": 25,
      "R_final": 0.014966247978570157,
      "delta_min": 3.358864407365521,
      "val_loss_at_mem": 7.7294921875,
      "fit": {
        "rate_fit": 0.9985933473693983,
        "rate_theory": 0.998,
        "R2": 0.9985750108616888,
        "A": 3582.881584894737,
        "C": 251.42199874951845
      },
      "T_grok_x_lam": 2000.0,
      "T_grok_x_eta": 2.0,
      "T_grok_x_eta_lam": 2.0
    },
    {
      "seed": 44,
      "p": 97,
      "eta": 0.001,
      "lam": 1.0,
      "T_mem": 800,
      "T_grok": 1600,
      "T_escape": 2800,
      "T_escape_theory": 1350.141939656993,
      "V_at_mem": 3916.5983461430296,
      "V_final": 263.142288791787,
      "K_final": 17,
      "R_final": 0.010324617836109495,
      "delta_min": 3.359680187991924,
      "val_loss_at_mem": 6.174075126647949,
      "fit": {
        "rate_fit": 0.998535026445572,
        "rate_theory": 0.998,
        "R2": 0.9988227691004296,
        "A": 3653.491726706161,
        "C": 225.69179242578102
      },
      "T_grok_x_lam": 1600.0,
      "T_grok_x_eta": 1.6,
      "T_grok_x_eta_lam": 1.6
    },
    {
      "seed": 45,
      "p": 97,
      "eta": 0.001,
      "lam": 1.0,
      "T_mem": 800,
      "T_grok": 1600,
      "T_escape": 3000,
      "T_escape_theory": 1369.3414249455566,
      "V_at_mem": 3887.299600127153,
      "V_final": 251.33511180477217,
      "K_final": 11,
      "R_final": 0.008693965493771771,
      "delta_min": 1.9537808823709686,
      "val_loss_at_mem": 4.286296844482422,
      "fit": {
        "rate_fit": 0.9984926883035684,
        "rate_theory": 0.998,
        "R2": 0.9988254581576542,
        "A": 3602.753393102993,
        "C": 250.74359089760625
      },
      "T_grok_x_lam": 1600.0,
      "T_grok_x_eta": 1.6,
      "T_grok_x_eta_lam": 1.6
    },
    {
      "seed": 46,
      "p": 97,
      "eta": 0.001,
      "lam": 1.0,
      "T_mem": 800,
      "T_grok": 1800,
      "T_escape": 3000,
      "T_escape_theory": 1326.3149477353447,
      "V_at_mem": 3944.127168091014,
      "V_final": 277.9254919396735,
      "K_final": 17,
      "R_final": 0.00793266181934682,
      "delta_min": 3.401134109103845,
      "val_loss_at_mem": 6.683786392211914,
      "fit": {
        "rate_fit": 0.9985675447527604,
        "rate_theory": 0.998,
        "R2": 0.9984759506990647,
        "A": 3646.840518955147,
        "C": 263.92181873974806
      },
      "T_grok_x_lam": 1800.0,
      "T_grok_x_eta": 1.8,
      "T_grok_x_eta_lam": 1.8
    }
  ],
  "K_star_hires": [
    4,
    47,
    19,
    17,
    3,
    42,
    1,
    43,
    32,
    40,
    21,
    13,
    16,
    46,
    36,
    37,
    12,
    14,
    41,
    0,
    6,
    8,
    2
  ],
  "K_star_lowres": [
    4,
    47,
    19,
    17,
    3,
    42,
    43,
    1,
    32,
    40,
    21,
    13,
    16,
    36,
    46,
    37,
    41,
    14,
    12,
    0,
    6,
    2
  ],
  "K_star_size_hires": 23,
  "K_star_size_lowres": 22,
  "fit_hires": {
    "slope_ols": 15.814892800061873,
    "R2_ols": 0.7669171350387658,
    "slope_ransac": 16.13324573083852,
    "R2_ransac": 0.8520972865692739,
    "ci_low": 7.007298707589507,
    "ci_high": 19.969260707297156,
    "n_points": 10,
    "intercept_ols": 1.1163182335906638,
    "inlier_pct": 90.0
  },
  "fit_lowres": {
    "slope_ols": 13.487252783126586,
    "R2_ols": 0.7364060991178771,
    "slope_ransac": 13.943482517494228,
    "R2_ransac": 0.8352051289252256,
    "ci_low": 5.541381640419204,
    "ci_high": 19.13376423436144,
    "n_points": 10,
    "intercept_ols": 1.6152409876276401,
    "inlier_pct": 80.0
  },
  "scatter_hires": [
    {
      "seed": 42,
      "step": 500,
      "R": 0.42829158729682026,
      "gap": 7.79785188883543
    },
    {
      "seed": 42,
      "step": 1000,
      "R": 0.37938764532934055,
      "gap": 5.912485925853252
    },
    {
      "seed": 43,
      "step": 500,
      "R": 0.385736985003608,
      "gap": 7.905200162529946
    },
    {
      "seed": 43,
      "step": 1000,
      "R": 0.39075187788016186,
      "gap": 6.465573945641518
    },
    {
      "seed": 44,
      "step": 500,
      "R": 0.29539300816317204,
      "gap": 7.260731717944145
    },
    {
      "seed": 44,
      "step": 1000,
      "R": 0.18321717559086165,
      "gap": 4.12054588496685
    },
    {
      "seed": 45,
      "step": 500,
      "R": 0.2818690049555724,
      "gap": 5.606486625224352
    },
    {
      "seed": 45,
      "step": 1000,
      "R": 0.14195221398060565,
      "gap": 2.6692696280777453
    },
    {
      "seed": 46,
      "step": 500,
      "R": 0.33816730994020383,
      "gap": 7.2315609231591225
    },
    {
      "seed": 46,
      "step": 1000,
      "R": 0.2804947792264866,
      "gap": 5.3028547540307045
    }
  ],
  "scatter_lowres": [
    {
      "seed": 42,
      "step": 500,
      "R": 0.4647483237966976,
      "gap": 7.79785188883543
    },
    {
      "seed": 42,
      "step": 1000,
      "R": 0.40892049047375706,
      "gap": 5.912485925853252
    },
    {
      "seed": 43,
      "step": 500,
      "R": 0.3708716942499557,
      "gap": 7.905200162529946
    },
    {
      "seed": 43,
      "step": 1000,
      "R": 0.4352280051707141,
      "gap": 6.465573945641518
    },
    {
      "seed": 44,
      "step": 500,
      "R": 0.37059374165218845,
      "gap": 7.260731717944145
    },
    {
      "seed": 44,
      "step": 1000,
      "R": 0.1918763591726222,
      "gap": 4.12054588496685
    },
    {
      "seed": 45,
      "step": 500,
      "R": 0.2468311012855984,
      "gap": 5.606486625224352
    },
    {
      "seed": 45,
      "step": 1000,
      "R": 0.1373402504111906,
      "gap": 2.6692696280777453
    },
    {
      "seed": 46,
      "step": 500,
      "R": 0.34603636391543324,
      "gap": 7.2315609231591225
    },
    {
      "seed": 46,
      "step": 1000,
      "R": 0.29880188397692686,
      "gap": 5.3028547540307045
    }
  ],