{
  "results": [
    {
      "seed": 42,
      "p": 97,
      "eta": 0.001,
      "lam": 1.0,
      "T_mem": 800,
      "T_grok": 1800,
      "T_escape": 3000,
      "T_escape_theory": 1332.1530841603312,
      "V_at_mem": 3891.2266935864463,
      "V_final": 271.0148357851431,
      "K_final": 10,
      "R_final": 0.016472593924565793,
      "delta_min": 4.136256135051901,
      "val_loss_at_mem": 7.648988723754883,
      "fit": {
        "rate_fit": 0.9986467007511264,
        "rate_theory": 0.998,
        "R2": 0.9991586221529097,
        "A": 3624.839384864949,
        "C": 227.64740863657087
      },
      "T_grok_x_lam": 1800.0,
      "T_grok_x_eta": 1.8,
      "T_grok_x_eta_lam": 1.8
    },
    {
      "seed": 43,
      "p": 97,
      "eta": 0.001,
      "lam": 1.0,
      "T_mem": 800,
      "T_grok": 2000,
      "T_escape": 2800,
      "T_escape_theory": 1225.6133492500726,
      "V_at_mem": 3845.8680850863457,
      "V_final": 331.4668908318272,
      "K_final": 25,
      "R_final": 0.02110604874133215,
      "delta_min": 3.542305328742121,
      "val_loss_at_mem": 7.729490756988525,
      "fit": {
        "rate_fit": 0.9986197098007968,
        "rate_theory": 0.998,
        "R2": 0.9992564976310307,
        "A": 3582.6893462965236,
        "C": 237.47937706555157
      },
      "T_grok_x_lam": 2000.0,
      "T_grok_x_eta": 2.0,
      "T_grok_x_eta_lam": 2.0
    },
    {
      "seed": 44,
      "p": 97,
      "eta": 0.001,
      "lam": 1.0,
      "T_mem": 800,
      "T_grok": 1600,
      "T_escape": 3000,
      "T_escape_theory": 1368.1739877694695,
      "V_at_mem": 3916.1210137633607,
      "V_final": 253.7904508898646,
      "K_final": 9,
      "R_final": 0.004567442997814419,
      "delta_min": 3.341917934742841,
      "val_loss_at_mem": 6.174075126647949,
      "fit": {
        "rate_fit": 0.9985730109494084,
        "rate_theory": 0.998,
        "R2": 0.9989505584450636,
        "A": 3668.79233287812,
        "C": 195.94603163398716
      },
      "T_grok_x_lam": 1600.0,
      "T_grok_x_eta": 1.6,
      "T_grok_x_eta_lam": 1.6
    },
    {
      "seed": 45,
      "p": 97,
      "eta": 0.001,
      "lam": 1.0,
      "T_mem": 800,
      "T_grok": 1600,
      "T_escape": 2800,
      "T_escape_theory": 1223.4886190214347,
      "V_at_mem": 3886.8368034940213,
      "V_final": 336.42448361887364,
      "K_final": 21,
      "R_final": 0.008364035533370728,
      "delta_min": 1.995807097716765,
      "val_loss_at_mem": 4.286304950714111,
      "fit": {
        "rate_fit": 0.9984681490252694,
        "rate_theory": 0.998,
        "R2": 0.9991122278109501,
        "A": 3593.7006108325627,
        "C": 267.76080821363
      },
      "T_grok_x_lam": 1600.0,
      "T_grok_x_eta": 1.6,
      "T_grok_x_eta_lam": 1.6
    },
    {
      "seed": 46,
      "p": 97,
      "eta": 0.001,
      "lam": 1.0,
      "T_mem": 800,
      "T_grok": 1800,
      "T_escape": 3000,
      "T_escape_theory": 1320.7061969449428,
      "V_at_mem": 3943.548555332236,
      "V_final": 281.01944089576136,
      "K_final": 13,
      "R_final": 0.011070589081776161,
      "delta_min": 3.504814761064269,
      "val_loss_at_mem": 6.683785438537598,
      "fit": {
        "rate_fit": 0.9985693790316676,
        "rate_theory": 0.998,
        "R2": 0.9989224963983507,
        "A": 3647.4594985391195,
        "C": 261.5310314481611
      },
      "T_grok_x_lam": 1800.0,
      "T_grok_x_eta": 1.8,
      "T_grok_x_eta_lam": 1.8
    },
    {
      "seed": 47,
      "p": 97,
      "eta": 0.001,
      "lam": 1.0,
      "T_mem": 800,
      "T_grok": 2200,
      "T_escape": 3000,
      "T_escape_theory": 1290.8121979770542,
      "V_at_mem": 3879.1660807458684,
      "V_final": 293.46285894257016,
      "K_final": 23,
      "R_final": 0.007803905721762927,
      "delta_min": 2.847358576711509,
      "val_loss_at_mem": 6.73738956451416,
      "fit": {
        "rate_fit": 0.9986207915152923,
        "rate_theory": 0.998,
        "R2": 0.9986466062514937,
        "A": 3559.8646751226424,
        "C": 261.6483577042187
      },
      "T_grok_x_lam": 2200.0,
      "T_grok_x_eta": 2.2,
      "T_grok_x_eta_lam": 2.2
    },
    {
      "seed": 48,
      "p": 97,
      "eta": 0.001,
      "lam": 1.0,
      "T_mem": 800,
      "T_grok": 1600,
      "T_escape": 2600,
      "T_escape_theory": 1202.9660601479586,
      "V_at_mem": 3824.5567749142647,
      "V_final": 344.9038709959714,
      "K_final": 23,
      "R_final": 0.007875127668932502,
      "delta_min": 3.6349590000781147,
      "val_loss_at_mem": 6.002361297607422,
      "fit": {
        "rate_fit": 0.9985227246076026,
        "rate_theory": 0.998,
        "R2": 0.9989616573710534,
        "A": 3511.884960527323,
        "C": 276.9662044193569
      },
      "T_grok_x_lam": 1600.0,
      "T_grok_x_eta": 1.6,
      "T_grok_x_eta_lam": 1.6
    },
    {
      "seed": 49,
      "p": 97,
      "eta": 0.001,
      "lam": 1.0,
      "T_mem": 1200,
      "T_grok": 2200,
      "T_escape": 3200,
      "T_escape_theory": 987.9661420747476,
      "V_at_mem": 2255.501107044518,
      "V_final": 312.6846465114504,
      "K_final": 9,
      "R_final": 0.00902775709645498,
      "delta_min": 2.1629709339954633,
      "val_loss_at_mem": 4.672513484954834,
      "fit": {
        "rate_fit": 0.9987587981309286,
        "rate_theory": 0.998,
        "R2": 0.9991525038010477,
        "A": 1957.309814816151,
        "C": 277.2061509710015
      },
      "T_grok_x_lam": 2200.0,
      "T_grok_x_eta": 2.2,
      "T_grok_x_eta_lam": 2.2
    },
    {
      "seed": 50,
      "p": 97,
      "eta": 0.001,
      "lam": 1.0,
      "T_mem": 800,
      "T_grok": 1800,
      "T_escape": 3200,
      "T_escape_theory": 1251.2361554348138,
      "V_at_mem": 3848.2070040721446,
      "V_final": 315.1000774966087,
      "K_final": 25,
      "R_final": 0.02840053813909571,
      "delta_min": 3.7724476997147907,
      "val_loss_at_mem": 7.341083526611328,
      "fit": {
        "rate_fit": 0.9986192224000243,
        "rate_theory": 0.998,
        "R2": 0.9987061545929369,
        "A": 3533.909116252822,
        "C": 263.20847025989093
      },
      "T_grok_x_lam": 1800.0,
      "T_grok_x_eta": 1.8,
      "T_grok_x_eta_lam": 1.8
    },
    {
      "seed": 51,
      "p": 97,
      "eta": 0.001,
      "lam": 1.0,
      "T_mem": 800,
      "T_grok": 1800,
      "T_escape": 3000,
      "T_escape_theory": 1306.6987110709383,
      "V_at_mem": 3871.713797867298,
      "V_final": 283.73908686905634,
      "K_final": 11,
      "R_final": 0.0046187363452177,
      "delta_min": 3.2269913536581125,
      "val_loss_at_mem": 6.334680557250977,
      "fit": {
        "rate_fit": 0.9986063912718022,
        "rate_theory": 0.998,
        "R2": 0.999583498004859,
        "A": 3613.4174165226923,
        "C": 239.64688089769447
      },
      "T_grok_x_lam": 1800.0,
      "T_grok_x_eta": 1.8,
      "T_grok_x_eta_lam": 1.8
    }
  ],
  "aggregate": {
    "T_grok_mean": 1840.0,
    "T_grok_std": 215.40659228538016,
    "T_mem_mean": 840.0,
    "mean_rate_fit": 0.9986004877483918,
    "std_rate_fit": 7.324531267721265e-05,
    "mean_R2": 0.9990450822459696
  }
}