{
  "results": [
    {
      "seed": 42,
      "p": 97,
      "eta": 0.001,
      "lam": 1.0,
      "T_mem": 800,
      "T_grok": 1800,
      "T_escape": 3600,
      "T_escape_theory": 1449.2304930946054,
      "V_at_mem": 3891.4934865469113,
      "V_final": 214.45229365834166,
      "K_final": 8,
      "R_final": 0.003258642919532706,
      "delta_min": 3.9178661665154833,
      "val_loss_at_mem": 7.648980617523193,
      "fit": {
        "rate_fit": 0.9986541378946263,
        "rate_theory": 0.998,
        "R2": 0.9990970031877519,
        "A": 3636.924624258036,
        "C": 216.61085140074567
      },
      "T_grok_x_lam": 1800.0,
      "T_grok_x_eta": 1.8,
      "T_grok_x_eta_lam": 1.8
    },
    {
      "seed": 43,
      "p": 97,
      "eta": 0.001,
      "lam": 1.0,
      "T_mem": 800,
      "T_grok": 2000,
      "T_escape": 2800,
      "T_escape_theory": 1244.35433850934,
      "V_at_mem": 3846.085933053866,
      "V_final": 319.2908977320694,
      "K_final": 25,
      "R_final": 0.01568148409438519,
      "delta_min": 3.358864407365521,
      "val_loss_at_mem": 7.7294921875,
      "fit": {
        "rate_fit": 0.9985933473693983,
        "rate_theory": 0.998,
        "R2": 0.9985750108616888,
        "A": 3582.881584894737,
        "C": 251.42199874951845
      },
      "T_grok_x_lam": 2000.0,
      "T_grok_x_eta": 2.0,
      "T_grok_x_eta_lam": 2.0
    },
    {
      "seed": 44,
      "p": 97,
      "eta": 0.001,
      "lam": 1.0,
      "T_mem": 800,
      "T_grok": 1600,
      "T_escape": 2800,
      "T_escape_theory": 1350.141939656993,
      "V_at_mem": 3916.5983461430296,
      "V_final": 263.142288791787,
      "K_final": 17,
      "R_final": 0.009486412002753797,
      "delta_min": 3.359680187991924,
      "val_loss_at_mem": 6.174075126647949,
      "fit": {
        "rate_fit": 0.998535026445572,
        "rate_theory": 0.998,
        "R2": 0.9988227691004296,
        "A": 3653.491726706161,
        "C": 225.69179242578102
      },
      "T_grok_x_lam": 1600.0,
      "T_grok_x_eta": 1.6,
      "T_grok_x_eta_lam": 1.6
    },
    {
      "seed": 45,
      "p": 97,
      "eta": 0.001,
      "lam": 1.0,
      "T_mem": 800,
      "T_grok": 1600,
      "T_escape": 3000,
      "T_escape_theory": 1369.3414249455566,
      "V_at_mem": 3887.299600127153,
      "V_final": 251.33511180477217,
      "K_final": 11,
      "R_final": 0.008669509632012629,
      "delta_min": 1.9537808823709686,
      "val_loss_at_mem": 4.286296844482422,
      "fit": {
        "rate_fit": 0.9984926883035684,
        "rate_theory": 0.998,
        "R2": 0.9988254581576542,
        "A": 3602.753393102993,
        "C": 250.74359089760625
      },
      "T_grok_x_lam": 1600.0,
      "T_grok_x_eta": 1.6,
      "T_grok_x_eta_lam": 1.6
    },
    {
      "seed": 46,
      "p": 97,
      "eta": 0.001,
      "lam": 1.0,
      "T_mem": 800,
      "T_grok": 1800,
      "T_escape": 3000,
      "T_escape_theory": 1326.3149477353447,
      "V_at_mem": 3944.127168091014,
      "V_final": 277.9254919396735,
      "K_final": 17,
      "R_final": 0.00719765062245048,
      "delta_min": 3.401134109103845,
      "val_loss_at_mem": 6.683786392211914,
      "fit": {
        "rate_fit": 0.9985675447527604,
        "rate_theory": 0.998,
        "R2": 0.9984759506990647,
        "A": 3646.840518955147,
        "C": 263.92181873974806
      },
      "T_grok_x_lam": 1800.0,
      "T_grok_x_eta": 1.8,
      "T_grok_x_eta_lam": 1.8
    }
  ],
  "K_star_size": 22,
  "slope_ols": 13.487252783126586,
  "R2_ols": 0.7364060991178771,
  "slope_ransac": 13.34064526103141,
  "R2_ransac": 0.8699649890430688,
  "ci_low": 5.870340191004515,
  "ci_high": 18.677365944376547
}